ContractNumber,Species,NumberTrees,AvgDBH,BoardFeet,PulpwoodTons
0537,Beech,1,14,105,0
0537,Hickory,3,14,218,0
0537,Sugar Maple,2,18,317,0
0537,Ash,3,18,804,0
0537,Red Maple,35,16,4828,0
0537,Chestnut Oak,64,20,16727,0
0537,Scarlet Oak,62,22,21457,0
0537,Red Oak,42,26,23825,0
0537,Yellow Poplar,69,22,32748,0
0537,Black Oak,283,22,104104,0
0537,White Oak,451,20,129490,0
0539,Black Walnut,1,18,140,0
0539,Black Cherry,6,20,1700,0
0539,Soft Maple,7,20,1800,0
0539,Basswood,5,20,1980,0
0539,Hard Maple,8,20,2600,0
0539,Scarlet Oak,38,20,10560,0
0539,Black Oak,46,20,13220,0
0539,White Ash,54,20,14860,0
0539,Northern Red Oak,61,24,25940,0
0539,Chestnut Oak,230,20,64420,0
0539,White Oak,278,22,84340,0
0539,Yellow Poplar,230,20,86000,0
0541,Black Locust,1,14,78,0
0541,Sugar Maple,4,14,446,0
0541,Blackgum,6,18,967,0
0541,Beech,9,16,1006,0
0541,Ash,11,16,1609,0
0541,Aspen,5,20,1743,0
0541,Hickory,8,20,2259,0
0541,Red Maple,60,14,5901,0
0541,Red Oak,23,24,9584,0
0541,Yellow Poplar,81,20,28147,0
0541,Scarlet Oak,200,16,30613,0
0541,White Oak,383,18,65845,0
0541,Chestnut Oak,409,16,70083,0
0541,Black Oak,312,20,74521,0
0542,Black Cherry,1,18,240,0
0542,Red Oak,1,34,730,0
0542,Other,5,20,930,0
0542,Pignut Hickory,6,18,980,0
0542,Red Maple,6,18,980,0
0542,Yellow Poplar,55,20,18170,0
0542,Scarlet Oak,199,18,34650,0
0542,Chestnut Oak,309,18,49260,0
0542,Black Oak,316,18,54210,0
0542,White Oak,280,20,56770,0
0542,On Ground,,,97625,0
0543,Black Cherry,1,18,180,0
0543,Other,2,20,240,0
0543,Ash,1,20,300,0
0543,Red Maple,1,28,340,0
0543,Black Locust,26,14,2020,0
0543,Sassafras,26,14,2020,0
0543,Birch,13,20,2176,0
0543,Blackgum,43,18,4240,0
0543,Pignut Hickory,21,24,5566,0
0543,Scarlet Oak,33,24,11780,0
0543,Red Oak,57,26,21112,0
0543,Chestnut Oak,122,22,32971,0
0543,White Oak,278,22,76619,0
0543,Black Oak,230,24,82661,0
0543,Yellow Poplar,230,20,86625,0
0543,On Ground,581,,124300,0
0544,Black Locust,1,16,100,0
0544,Hard Maple,1,16,100,0
0544,Aspen,1,24,520,0
0544,Ash,3,18,740,0
0544,Soft Maple,9,18,2440,0
0544,Red Oak,6,24,2780,0
0544,Scarlet Oak,39,20,10680,0
0544,Black Oak,55,20,16920,0
0544,White Oak,69,22,24500,0
0544,Yellow Poplar,58,24,27340,0
0544,Chestnut Oak,140,22,42660,0
0546,Aspen,1,14,78,0
0546,Black Oak,1,18,136,0
0546,Yellow Poplar,2,20,559,0
0546,Scarlet Oak,4,22,1003,0
0546,White Oak,8,22,1765,0
0546,Red Maple,112,14,14712,0
0546,Red Pine,644,14,57477,0
0546,Shortleaf Pine,661,16,100841,0
0546,White Pine,572,16,117214,0
0551,Hickory,18,14,1160,0
0551,Other,15,20,3700,0
0551,Scarlet Oak,69,14,4302,0
0551,Hard Maple,31,18,5480,0
0551,White Oak,33,18,7954,0
0551,Red Oak,46,18,8960,0
0551,Black Oak,54,20,10266,0
0551,On Ground,137,,18949,0
0551,Yellow Poplar,284,22,80481,0
0551,Chestnut Oak,454,20,84486,0
0552,Sassafras,55,12,1560,0
0552,Ash,32,14,4505,0
0552,Hickory,20,20,4717,0
0552,Soft Maple,1,14,19895,0
0552,Aspen,248,16,34020,0
0552,Red Oak,205,1,36112,0
0552,Black Oak,266,14,38014,0
0552,Scarlet Oak,1004,16,97939,0
0552,White Oak,753,16,106588,0
0552,Chestnut Oak,1221,14,137782,0
0552,Yellow Poplar,1049,16,196223,0
0553,Basswood,2,20,340,0
0553,Hard Maple,4,20,760,0
0553,Black Walnut,6,18,1160,0
0553,Black Cherry,10,18,2080,0
0553,Ash,9,20,2240,0
0553,Scarlet Oak,16,20,4820,0
0553,Soft Maple,30,20,6440,0
0553,Black Oak,24,20,7860,0
0553,Red Oak,39,22,14480,0
0553,Yellow Poplar,44,22,15160,0
0553,Chestnut Oak,92,20,23840,0
0553,White Oak,118,22,38340,0
0556,Basswood,29,18,6864,0
0556,Buckeye,20,20,10270,0
0556,Black Oak,183,18,23042,0
0556,Hard Maple,14,14,23222,0
0556,Red Oak,93,22,38358,0
0556,White Pine,18,18,39749,0
0556,Ash,149,20,59382,0
0556,Chestnut Oak,496,16,112151,0
0556,Yellow Poplar,20,20,148270,0
0556,White Oak,18,18,258467,0
0602,Other,3,20,840,0
0602,Black Cherry,6,22,2480,0
0602,Scarlet Oak,12,24,4188,0
0602,Black Walnut,38,16,4439,0
0602,Basswood,55,16,9676,0
0602,Soft Maple,113,14,12109,0
0602,Black Oak,83,18,12841,0
0602,Hickory,141,14,14586,0
0602,Hard Maple,603,14,68828,0
0602,Northern Red Oak,143,24,71831,0
0602,Yellow Poplar,164,24,78871,0
0602,White Oak,242,20,82041,0
0602,White Ash,496,18,112869,0
0605,Blackgum,1,18,314,0
0605,Hickory,2,20,584,0
0605,Black Cherry,13,12,699,0
0605,Sugar Maple,7,16,746,0
0605,Beech,12,16,934,0
0605,Aspen,5,16,1045,0
0605,Basswood,3,26,1670,0
0605,Pine,14,14,2009,0
0605,Red Maple,58,14,5100,0
0605,Red Oak,28,24,12659,0
0605,Yellow Poplar,101,18,28077,0
0605,Black Oak,216,20,61202,0
0605,Chestnut Oak,370,18,63206,0
0605,Scarlet Oak,339,22,113574,0
0605,White Oak,1071,18,228590,0
0606,Black Walnut,1,20,240,0
0606,Hard Maple,6,18,900,0
0606,Soft Maple,5,20,1280,0
0606,Black Cherry,7,24,2900,0
0606,Ash,91,22,24340,0
0606,Red Oak,153,22,65070,0
0606,Black Oak,269,20,72412,0
0606,Scarlet Oak,571,18,144850,0
0606,Chestnut Oak,682,18,157174,0
0606,White Oak,1518,18,373400,0
0612,Post Oak,1,20,170,0
0612,Scarlet Oak,2,22,470,0
0612,White Ash,3,16,550,0
0612,Black Walnut,4,20,880,0
0612,Other,9,18,1010,0
0612,Black Cherry,2,22,1310,0
0612,Hickory,8,20,1750,0
0612,Soft Maple,11,20,2340,0
0612,Hard Maple,12,20,2430,0
0612,Black Oak,14,26,4590,0
0612,Basswood,36,20,7160,0
0612,Chestnut Oak,36,22,9590,0
0612,White Oak,42,24,14500,0
0612,Red Oak,44,26,20080,0
0612,Yellow Poplar,88,20,24480,0
0613,Black Cherry,10,16,1060,0
0613,Red Maple,22,14,1716,0
0613,Red Oak,7,18,1746,0
0613,Hickory,49,12,2766,0
0613,Sugar Maple,36,14,3780,0
0613,Scarlet Oak,58,22,16509,0
0613,Chestnut Oak,109,16,17145,0
0613,Yellow Poplar,74,20,25549,0
0613,Black Oak,134,18,26427,0
0613,White Oak,514,20,131122,0
0616,Scarlet Oak,18,14,1421,0
0616,Ash,18,14,1885,0
0616,Blackgum,9,20,2610,0
0616,Hickory,32,14,3393,0
0616,Black Oak,15,20,4814,0
0616,Yellow Poplar,4,32,4843,0
0616,Soft Maple,85,16,9338,0
0616,White Oak,423,20,134937,0
0616,Chestnut Oak,748,18,136271,0
0617,Blackgum,23,18,1859,0
0617,Scarlet Oak,23,20,2479,0
0617,Pine,26,16,3413,0
0617,Black Locust,69,14,3718,0
0617,Sugar Maple,23,18,4361,0
0617,Aspen,46,18,4981,0
0617,Hickory,390,14,6840,0
0617,Red Oak,23,22,7459,0
0617,Beech,69,18,9319,0
0617,Red Maple,184,18,22998,0
0617,Chestnut Oak,161,18,24857,0
0617,Yellow Poplar,138,16,24857,0
0617,White Oak,184,18,31697,0
0617,Black Oak,92,24,34818,0
0620,Blackgum,27,14,1857,0
0620,Pignut Hickory,28,14,2925,0
0620,Red Oak,56,14,3900,0
0620,Aspen,23,16,4189,0
0620,Red Maple,304,12,21739,0
0620,Black Oak,417,14,32897,0
0620,Scarlet Oak,462,12,37984,0
0620,White Oak,535,14,41025,0
0620,Yellow Poplar,308,18,43384,0
0620,Chestnut Oak,967,14,70641,0
0621,Hard Maple,3,20,1050,0
0621,Yellow Poplar,4,24,2880,0
0621,Other,13,22,3540,0
0621,Red Oak,23,22,7760,0
0621,Black Oak,34,22,10680,0
0621,Scarlet Oak,39,22,10840,0
0621,Chestnut Oak,91,20,16560,0
0621,White Oak,157,20,39080,0
0624,Pine,12,14,1575,0
0624,Scarlet Oak,6,28,2116,0
0624,Northern Red Oak,10,22,2783,0
0624,White Oak,37,18,5612,0
0624,Black Oak,27,20,6325,0
0624,Chestnut Oak,92,18,13524,0
0624,Yellow Poplar,211,18,38801,0
0625,Other,11,16,1116,0
0625,Soft Maple,34,16,2560,0
0625,Scarlet Oak,80,16,6920,0
0625,Black Oak,59,18,10520,0
0625,Yellow Poplar,80,16,12340,0
0625,White Oak,341,18,49300,0
0625,Chestnut Oak,689,16,75873,0
0626,Mixed Hardwood,100,16,7394,0
0626,Virginia Pine,3801,12,0,2059
0626,Mixed Hardwood,1644,8,0,255
0627,Black Cherry,12,14,1296,0
0627,Other,11,16,1431,0
0627,Aspen,19,16,2974,0
0627,Soft Maple,53,14,4135,0
0627,Yellow Poplar,180,16,28481,0
0627,Red Pine,2782,12,0,1627
0627,Virginia Pine,1800,12,0,1123
0628,Red Pine,4735,10,0,1729
0628,White Pine,434,10,0,105
0629,Hard Maple,1,18,240,0
0629,Black Walnut,1,24,340,0
0629,Black Cherry,2,20,560,0
0629,Ash,17,16,2193,0
0629,Blackgum,19,18,4613,0
0629,Basswood,58,16,8843,0
0629,Scarlet Oak,27,22,11260,0
0629,Red Oak,28,22,12012,0
0629,Hickory,82,18,19468,0
0629,Soft Maple,140,16,22008,0
0629,Black Oak,187,20,59315,0
0629,Chestnut Oak,300,20,63958,0
0629,White Oak,342,18,85282,0
0629,Yellow Poplar,237,20,88873,0
0630,Bigtooth Aspen,1,14,140,0
0630,Yellow Poplar,22,17,3690,0
0630,Red Maple,19,19,3820,0
0630,Chestnut Oak,117,16,16920,0
0630,Scarlet Oak,199,17,37310,0
0630,Black Oak,378,19,95090,0
0630,White Oak,699,17,137080,0
0631,Hard Maple,9,16,1056,0
0631,Sassafras,18,16,1947,0
0631,Hickory,26,20,2649,0
0631,Scarlet Oak,20,18,4200,0
0631,Black Walnut,19,22,4660,0
0631,Ash,22,22,5496,0
0631,Soft Maple,48,16,7020,0
0631,White Oak,73,20,19094,0
0631,Red Oak,64,20,21626,0
0631,Black Oak,216,18,53288,0
0631,Chestnut Oak,319,18,62000,0
0631,Yellow Poplar,441,22,154223,0
0632,Hard Maple,6,18,1147,0
0632,Ash,14,16,2156,0
0632,Soft Maple,22,16,2575,0
0632,White Oak,19,20,3700,0
0632,Sassafras,56,16,5077,0
0632,Black Walnut,38,18,5898,0
0632,Black Oak,48,18,11250,0
0632,Hickory,65,18,12525,0
0632,Red Oak,59,20,17412,0
0632,Basswood,128,18,19344,0
0632,Chestnut Oak,188,18,45904,0
0632,Yellow Poplar,218,24,103450,0
0633,Basswood,10,16,1410,0
0633,Beech,8,22,1950,0
0633,Sugar Maple,29,14,3550,0
0633,Red Maple,49,14,5030,0
0633,Black Oak,52,20,14560,0
0633,White Oak,116,18,22690,0
0633,Scarlet Oak,89,20,23110,0
0633,Red Oak,79,28,43050,0
0633,Chestnut Oak,333,18,69090,0
0633,Yellow Poplar,299,18,81840,0
0635,Ash,16,14,1229,0
0635,Elm,12,16,1280,0
0635,Hard Maple,25,12,1376,0
0635,Yellow Poplar,14,16,2906,0
0635,Scarlet Oak,46,14,3581,0
0635,Hickory,96,12,7763,0
0635,Northern Red Oak,40,18,8040,0
0635,Black Oak,77,16,9864,0
0635,Chestnut Oak,140,14,17376,0
0635,White Oak,1071,14,129759,0
0636,Hickory,3,18,640,0
0636,Black Cherry,4,18,720,0
0636,Hard Maple,6,18,920,0
0636,Soft Maple,15,20,3380,0
0636,Ash,25,18,4180,0
0636,Yellow Poplar,23,22,7700,0
0636,Northern Red Oak,26,22,9460,0
0636,Black Oak,47,22,16160,0
0636,Scarlet Oak,45,24,18740,0
0636,Chestnut Oak,236,20,58620,0
0636,White Oak,438,22,151700,0
0637,White Pine,39,18,12892,0
0637,Hardwood,229,18,42001,0
0637,Virginia Pine,3685,10,0,5742
0637,Red Pine,5105,10,0,2307
0638,Black Cherry,1,24,440,0
0638,Hard Maple,5,14,440,0
0638,Ash,2,20,500,0
0638,Red Maple,14,16,1620,0
0638,Northern Red Oak,27,20,9380,0
0638,Yellow Poplar,51,18,13960,0
0638,Black Oak,220,20,50840,0
0638,Scarlet Oak,236,18,60040,0
0638,Chestnut Oak,428,18,86360,0
0638,White Oak,474,20,129040,0
0645,Black Walnut,6,20,1180,0
0645,Black Cherry,5,22,1380,0
0645,Other,8,20,2040,0
0645,Basswood,10,22,3340,0
0645,Soft Maple,27,20,5360,0
0645,Hard Maple,34,18,6480,0
0645,Northern Red Oak,36,24,13940,0
0645,Yellow Poplar,53,22,19680,0
0645,Scarlet Oak,55,22,20820,0
0645,Black Oak,75,22,23600,0
0645,Ash,111,20,29700,0
0645,Chestnut Oak,291,20,68140,0
0645,White Oak,464,20,125420,0
0646,Sycamore,2,18,280,0
0646,Black Walnut,4,16,720,0
0646,Beech,4,20,740,0
0646,Blackgum,6,18,760,0
0646,Sassafras,11,14,1120,0
0646,Scarlet Oak,12,16,2040,0
0646,Ash,18,18,4360,0
0646,Black Cherry,14,22,4740,0
0646,White Oak,18,20,4820,0
0646,Black Oak,18,20,4940,0
0646,Soft Maple,44,16,7140,0
0646,Hickory,48,16,8800,0
0646,Hard Maple,84,16,13380,0
0646,Chestnut Oak,69,18,14560,0
0646,Basswood,103,18,20540,0
0646,Red Oak,78,24,31260,0
0646,Yellow Poplar,333,20,99420,0
0701,Black Walnut,1,12,60,0
0701,Blackgum,1,12,60,0
0701,Aspen,1,14,110,0
0701,Sugar Maple,4,14,240,0
0701,White Oak Salvage,4,20,930,0
0701,Yellow Poplar,10,20,3130,0
0701,Red Maple,47,14,4370,0
0701,Northern Red Oak,47,22,14780,0
0701,Black Oak,127,20,31050,0
0701,Scarlet Oak,104,20,34720,0
0701,Chestnut Oak,208,18,47190,0
0701,White Oak,568,18,103800,0
0702,Beech,4,14,320,0
0702,Blackgum,4,14,410,0
0702,Soft Maple,9,14,740,0
0702,Hickory,6,16,750,0
0702,Black Walnut,2,22,780,0
0702,White Pine,2,22,920,0
0702,Yellow Poplar,4,20,1030,0
0702,Black Cherry,9,18,1260,0
0702,Aspen,11,16,2450,0
0702,Ash,17,18,2710,0
0702,Chestnut Oak,17,18,2970,0
0702,Hard Maple,18,18,2990,0
0702,Scarlet Oak,20,20,5850,0
0702,Black Oak,32,22,9030,0
0702,Northern Red Oak,61,26,25500,0
0702,White Oak,104,20,27680,0
0703,Hickory,6,18,1120,0
0703,Soft Maple,12,18,2160,0
0703,Northern Red Oak,9,26,5980,0
0703,Other,21,20,6300,0
0703,Yellow Poplar,27,22,9080,0
0703,Chestnut Oak,165,20,31780,0
0703,White Oak,134,20,35900,0
0703,Black Oak,249,22,74140,0
0703,Scarlet Oak,366,22,114590,0
0704,Black Locust,1,12,56,0
0704,Beech,1,14,78,0
0704,Sugar Maple,1,16,106,0
0704,Ash,1,26,528,0
0704,Sassafras,11,14,818,0
0704,Hickory,33,14,3812,0
0704,Blackgum,25,16,4011,0
0704,Black Cherry,21,20,5170,0
0704,Aspen,28,18,8104,0
0704,Northern Red Oak,22,26,11479,0
0704,Black Oak,154,22,57810,0
0704,Scarlet Oak,178,22,63623,0
0704,Red Maple,385,18,68235,0
0704,White Oak,212,22,71173,0
0704,Chestnut Oak,271,20,76605,0
0704,Yellow Poplar,161,24,82148,0
0705,Black Walnut,2,18,414,0
0705,Soft Maple,23,16,4405,0
0705,Black Cherry,15,20,4563,0
0705,Yellow Poplar,22,20,8285,0
0705,Other,42,20,8369,0
0705,Hickory,54,18,10017,0
0705,Scarlet Oak,36,22,12360,0
0705,Hard Maple,81,16,14551,0
0705,Ash,101,20,24321,0
0705,Black Oak,68,22,26896,0
0705,Northern Red Oak,142,22,65119,0
0705,Chestnut Oak,539,18,137897,0
0705,White Oak,493,22,153383,0
0706,Ash,1,22,280,0
0706,Aspen,1,24,440,0
0706,Black Cherry,2,22,500,0
0706,Soft Maple,4,18,640,0
0706,Northern Red Oak,23,22,13540,0
0706,Yellow Poplar,31,24,16220,0
0706,Black Oak,59,24,21660,0
0706,Scarlet Oak,91,22,28940,0
0706,Chestnut Oak,126,20,30820,0
0706,White Oak,148,22,50680,0
0707,Blackgum,5,18,819,0
0707,Basswood,8,16,1140,0
0707,Northern Red Oak,4,20,1311,0
0707,Pine,19,16,4209,0
0707,Soft Maple,57,14,5812,0
0707,Hickory,33,18,7903,0
0707,Chestnut Oak,345,18,51697,0
0707,White Oak,319,20,62334,0
0707,Yellow Poplar,248,18,62388,0
0707,Black Oak,309,18,65159,0
0707,Scarlet Oak,316,18,74147,0
0708,Elm,6,16,691,0
0708,Other,5,18,800,0
0708,Black Cherry,5,20,900,0
0708,Sugar Maple,5,20,901,0
0708,Hickory,7,20,1487,0
0708,Black Walnut,10,20,2189,0
0708,Red Maple,23,18,4000,0
0708,Ash,35,20,7967,0
0708,Scarlet Oak,23,22,8925,0
0708,Northern Red Oak,41,24,15934,0
0708,Black Oak,99,20,26342,0
0708,White Oak,187,22,65291,0
0708,Chestnut Oak,415,20,100948,0
0708,Yellow Poplar,339,20,111669,0
0709,Black Walnut,1,14,78,0
0709,Black Cherry,1,14,105,0
0709,Ash,2,14,184,0
0709,Hard Maple,2,22,625,0
0709,Blackgum,4,18,708,0
0709,Hickory,47,16,7765,0
0709,Aspen,35,18,9145,0
0709,Soft Maple,75,18,12401,0
0709,Northern Red Oak,48,20,16036,0
0709,Virginia Pine,100,16,20118,0
0709,Black Oak,152,22,47767,0
0709,White Oak,409,18,93843,0
0709,Scarlet Oak,451,18,106524,0
0709,Chestnut Oak,813,18,149351,0
0709,Yellow Poplar,340,22,151756,0
0710,Soft Maple,26,14,2931,0
0710,Scarlet Oak,13,20,3565,0
0710,Hickory,50,16,6825,0
0710,Northern Red Oak,23,20,8060,0
0710,White Oak,176,18,34030,0
0710,Chestnut Oak,511,16,74126,0
0710,Yellow Poplar,237,18,74224,0
0710,Black Oak,339,18,74753,0
0721,Black Cherry,1,18,240,0
0721,Ash,3,18,620,0
0721,Other,5,16,1720,0
0721,Hard Maple,11,18,2200,0
0721,Basswood,13,20,3320,0
0721,Black Oak,49,18,13740,0
0721,Red Maple,48,20,13780,0
0721,Northern Red Oak,37,24,17740,0
0721,Yellow Poplar,97,20,36740,0
0721,Scarlet Oak,170,18,40180,0
0721,Chestnut Oak,225,18,60700,0
0721,White Oak,250,20,70800,0
0722,Blackgum,3,16,280,0
0722,Ash,2,18,480,0
0722,Aspen,3,22,960,0
0722,Hickory,15,16,2230,0
0722,Red Maple,21,16,2480,0
0722,Northern Red Oak,46,26,22620,0
0722,Scarlet Oak,218,16,38070,0
0722,Yellow Poplar,159,20,53640,0
0722,White Oak,333,20,86380,0
0722,Chestnut Oak,523,18,89340,0
0722,Black Oak,662,18,141730,0
0724,Sugar Maple,6,17,748,0
0724,Yellow Poplar,6,20,2099,0
0724,Blackgum,27,14,2571,0
0724,Other,19,19,3110,0
0724,Ash,83,17,12004,0
0724,Red Maple,226,15,23043,0
0724,Aspen,228,14,24209,0
0724,Scarlet Oak,116,18,26185,0
0724,Chestnut Oak,203,17,26591,0
0724,White Oak,217,18,39793,0
0724,Black Oak,300,17,45606,0
0724,Northern Red Oak,190,21,61817,0
0724,Black Cherry,1127,15,123726,0
0725,Virginia Pine,6838,8,0,2094
0725,Red Pine,2992,10,0,840
0725,White Pine,1736,10,0,356
0725,Pine,3605,6,0,236
0725,Hardwood,1330,6,0,131
0726,Black Cherry,3,16,396,0
0726,Aspen,5,22,2118,0
0726,Red Maple,15,18,2507,0
0726,Northern Red Oak,9,26,4739,0
0726,Yellow Poplar,58,20,20642,0
0726,White Oak,128,22,41146,0
0726,Black Oak,170,22,58672,0
0726,Scarlet Oak,212,20,63799,0
0726,Chestnut Oak,270,20,67470,0
0727,White Pine,1020,20,0,1977
0728,Blackgum,20,12,1025,0
0728,Hickory,44,12,2137,0
0728,Northern Red Oak,31,20,7910,0
0728,Red Maple,184,14,10323,0
0728,Yellow Poplar,43,24,14269,0
0728,Scarlet Oak,142,20,26126,0
0728,Black Oak,115,22,31788,0
0728,Chestnut Oak,436,18,82024,0
0728,White Oak,657,20,135480,0
0729,Red Maple,2,12,134,0
0729,Basswood,1,18,233,0
0729,Blackgum,1,22,368,0
0729,Ash,2,22,664,0
0729,Sugar Maple,3,18,737,0
0729,Scarlet Oak,4,20,1109,0
0729,Yellow Poplar,3,24,1462,0
0729,Black Oak,8,24,3309,0
0729,Chestnut Oak,35,18,5601,0
0729,Northern Red Oak,16,26,7712,0
0729,White Oak,246,20,67029,0
0730,Other,2,16,120,0
0730,Black Oak,21,18,3940,0
0730,Scarlet Oak,29,20,8500,0
0730,Northern Red Oak,28,26,12880,0
0730,White Oak,487,20,14720,0
0730,Chestnut Oak,158,18,33920,0
0741,Ash,10,20,2712,0
0741,Pine,14,18,3690,0
0741,Soft Maple,47,15,4287,0
0741,Blackgum,38,16,4771,0
0741,Hickory,30,17,5666,0
0741,Northern Red Oak,41,18,9073,0
0741,Scarlet Oak,75,20,21015,0
0741,Chestnut Oak,226,20,56868,0
0741,White Oak,213,19,57334,0
0741,Yellow Poplar,199,19,67250,0
0741,Black Oak,310,21,109183,0
0742,Black Walnut,1,22,434,0
0742,Hard Maple,6,18,1059,0
0742,Black Cherry,10,22,2821,0
0742,Other,39,12,2841,0
0742,Hickory,20,20,3153,0
0742,Ash,34,16,3386,0
0742,Soft Maple,48,14,4752,0
0742,Northern Red Oak,15,26,7766,0
0742,Scarlet Oak,40,22,13997,0
0742,Black Oak,63,22,20128,0
0742,White Oak,150,20,43563,0
0742,Chestnut Oak,484,20,108486,0
0742,Yellow Poplar,624,18,139498,0
0743,Sugar Maple,2,18,497,0
0743,Black Walnut,2,24,969,0
0743,Aspen,7,16,1256,0
0743,Red Maple,28,16,3359,0
0743,Northern Red Oak,15,22,5729,0
0743,Yellow Poplar,16,22,6485,0
0743,Scarlet Oak,39,22,13443,0
0743,Black Oak,43,20,13583,0
0743,Chestnut Oak,103,18,21111,0
0743,White Oak,670,20,184961,0
0744,Black Walnut,7,16,760,0
0744,Ash,11,18,2415,0
0744,Basswood,29,18,5380,0
0744,Soft Maple,69,16,9150,0
0744,Hickory,74,16,9535,0
0744,Northern Red Oak,48,23,18905,0
0744,Chestnut Oak,115,16,21135,0
0744,White Oak,402,18,21760,0
0744,Black Oak,124,20,39615,0
0744,Yellow Poplar,180,20,59925,0
0745,Ash,16,14,1229,0
0745,Elm,12,16,1280,0
0745,Hard Maple,25,12,1376,0
0745,Yellow Poplar,14,16,2906,0
0745,Scarlet Oak,46,14,3581,0
0745,Hickory,96,12,7763,0
0745,Northern Red Oak,40,18,8040,0
0745,Black Oak,77,16,9864,0
0745,Chestnut Oak,140,14,17376,0
0745,White Oak,1071,14,129759,0
0747,Black Cherry,1,28,700,0
0747,Northern Red Oak,1,32,800,0
0747,Sugar Maple,4,22,1300,0
0747,Hickory,35,14,2587,0
0747,Yellow Poplar,13,26,5560,0
0747,Red Maple,35,18,5666,0
0747,Black Oak,122,18,25225,0
0747,Scarlet Oak,119,18,39255,0
0747,White Oak,515,18,135838,0
0747,Chestnut Oak,916,18,155790,0
0748,Elm,11,20,1775,0
0748,Post Oak,16,16,2325,0
0748,Sugar Maple,53,16,8040,0
0748,Yellow Poplar,28,22,10175,0
0748,Ash,54,18,10350,0
0748,Soft Maple,83,16,11632,0
0748,Hickory,156,14,15821,0
0748,Black Oak,104,18,16444,0
0748,Chestnut Oak,223,16,27359,0
0748,Northern Red Oak,167,18,30266,0
0748,Scarlet Oak,393,18,54976,0
0748,White Oak,1311,16,202663,0
0749,Sugar Maple,7,14,584,0
0749,Ash,2,20,620,0
0749,Black Cherry,4,18,1120,0
0749,Red Maple,36,16,3829,0
0749,Northern Red Oak,17,20,5616,0
0749,Scarlet Oak,43,20,13228,0
0749,Yellow Poplar,117,20,37153,0
0749,Black Oak,245,20,72763,0
0749,Chestnut Oak,409,18,100991,0
0749,White Oak,677,20,177674,0
0750,Ash,9,16,920,0
0750,Black Walnut,7,18,1265,0
0750,Sassafras,6,20,1870,0
0750,Blackgum,7,18,1886,0
0750,Hickory,16,18,2112,0
0750,Northern Red Oak,13,29,6436,0
0750,White Oak,43,18,7194,0
0750,Red Maple,86,16,9196,0
0750,Scarlet Oak,83,21,23900,0
0750,Black Oak,111,17,25420,0
0750,Chestnut Oak,381,17,82559,0
0750,Yellow Poplar,590,20,200462,0
0801,Elm,10,20,1775,0
0801,Post Oak,16,16,2325,0
0801,Sugar Maple,53,16,8040,0
0801,Yellow Poplar,28,22,10175,0
0801,Ash,54,18,10350,0
0801,Soft Maple,83,16,11632,0
0801,Hickory,156,14,15821,0
0801,Black Oak,104,18,16444,0
0801,Chestnut Oak,223,16,27359,0
0801,Northern Red Oak,167,18,30266,0
0801,Scarlet Oak,393,18,54976,0
0801,White Oak,1311,16,202663,0
0802,Sycamore,21,18,5735,0
0802,Other,81,14,6195,0
0802,Black Walnut,91,14,6545,0
0802,Yellow Poplar,21,18,6586,0
0802,Black Cherry,76,16,13322,0
0802,Aspen,100,14,19447,0
0802,Hickory,199,16,27353,0
0802,Beech,153,22,28053,0
0802,Black Oak,121,22,38691,0
0802,Soft Maple,274,18,44037,0
0802,Ash,329,20,57417,0
0802,Scarlet Oak,466,16,77868,0
0802,Chestnut Oak,427,18,79199,0
0802,Sugar Maple,844,14,87761,0
0802,White Oak,848,16,161477,0
0803,Black Cherry,4,22,1180,0
0803,Ash,25,20,4825,0
0803,Hickory,27,18,5054,0
0803,Red Maple,31,20,6540,0
0803,Other,41,18,7511,0
0803,Northern Red Oak,24,22,10504,0
0803,Scarlet Oak,55,22,19520,0
0803,Black Oak,105,22,28972,0
0803,White Oak,181,20,52820,0
0803,Chestnut Oak,263,20,66349,0
0803,Yellow Poplar,418,22,146476,0
0804,Northern Red Oak,1,20,368,0
0804,Beech,9,18,1658,0
0804,Sugar Maple,16,14,1658,0
0804,Yellow Poplar,20,16,2522,0
0804,Red Maple,105,14,6026,0
0804,Hickory,153,16,17874,0
0804,Scarlet Oak,62,22,19044,0
0804,Dead Oak,184,18,22284,0
0804,Chestnut Oak,249,18,45066,0
0804,Black Oak,200,20,52755,0
0804,White Oak,758,18,150875,0
0805,Shortleaf Pine,618,8,150,0
0805,Hardwood,1410,12,275,0
0805,Red Pine,6798,12,3093,0
0805,White Pine,10953,14,5424,0
0806,Black Walnut,3,20,842,0
0806,Other,8,18,1019,0
0806,Beech,49,18,4665,0
0806,Black Oak,10,26,5128,0
0806,Chestnut Oak,54,22,9994,0
0806,Black Cherry,65,16,11783,0
0806,Hickory,140,16,14665,0
0806,Northern Red Oak,59,22,17158,0
0806,Sugar Maple,229,14,22787,0
0806,Red Maple,214,18,34550,0
0806,White Oak,155,22,45469,0
0806,Yellow Poplar,305,20,80262,0
0807,Black Cherry,6,20,1307,0
0807,Basswood,9,18,1828,0
0807,Other,27,14,3235,0
0807,Hickory,41,14,4385,0
0807,Scarlet Oak,16,20,5100,0
0807,Black Walnut,25,18,5337,0
0807,Red Maple,87,16,12629,0
0807,Black Oak,65,18,14011,0
0807,Chestnut Oak,131,18,20853,0
0807,Yellow Poplar,58,22,23165,0
0807,Northern Red Oak,48,28,26552,0
0807,White Oak,100,20,28664,0
0807,Ash,204,18,48266,0
0807,Sugar Maple,215,20,52855,0
0808,Basswood,1,14,78,0
0808,Blackgum,3,18,435,0
0808,Black Cherry,4,20,1110,0
0808,Hickory,28,16,4655,0
0808,Yellow Poplar,15,18,4760,0
0808,Ash,33,18,7407,0
0808,Northern Red Oak,15,24,7666,0
0808,Sugar Maple,40,18,8023,0
0808,Beech,42,18,8834,0
0808,Scarlet Oak,45,18,10407,0
0808,Black Oak,58,18,14586,0
0808,Soft Maple,99,18,20171,0
0808,Chestnut Oak,209,18,37226,0
0808,White Oak,303,18,78302,0
0809,Sugar Maple,2,20,360,0
0809,Ash,4,16,600,0
0809,Black Cherry,4,16,700,0
0809,Northern Red Oak,27,24,12400,0
0809,Scarlet Oak,66,16,13122,0
0809,Red Maple,73,18,14740,0
0809,Black Oak,79,22,23404,0
0809,White Oak,194,20,57651,0
0809,Yellow Poplar,240,22,91651,0
0809,Chestnut Oak,434,20,109512,0
0810,Black Walnut,6,24,2808,0
0810,Chestnut Oak,10,20,4080,0
0810,Scarlet Oak,27,16,5488,0
0810,Black Cherry,51,14,6141,0
0810,Other,79,12,6280,0
0810,Black Oak,75,14,8880,0
0810,Northern Red Oak,36,18,10600,0
0810,Soft Maple,151,14,19095,0
0810,Yellow Poplar,51,20,21580,0
0810,Hickory,93,18,25548,0
0810,White Oak,104,18,26285,0
0810,Ash,136,18,34938,0
0810,Sugar Maple,562,16,95017,0
0821,Chinkapin Oak,17,16,2340,0
0821,Black Walnut,29,16,4770,0
0821,Sweet Gum,27,20,7454,0
0821,Black Cherry,27,24,14442,0
0821,Sycamore,46,20,17404,0
0821,Hickory,109,16,18850,0
0821,Other,154,16,20311,0
0821,Beech,111,20,23477,0
0821,Ash,111,18,24144,0
0821,Black Oak,94,20,31381,0
0821,Sugar Maple,223,16,33877,0
0821,Red Maple,225,16,38484,0
0821,Scarlet Oak,153,20,42563,0
0821,Northern Red Oak,78,28,47438,0
0821,White Oak,226,20,68059,0
0821,Chestnut Oak,366,18,74513,0
0821,Basswood,422,18,95904,0
0821,Yellow Poplar,703,20,255401,0
0822,Beech,3,20,753,0
0822,Blackgum,26,14,2095,0
0822,Aspen,22,16,3074,0
0822,Ash,10,22,3769,0
0822,Red Maple,33,16,4188,0
0822,Virginia Pine,33,16,4646,0
0822,Northern Red Oak,15,26,7391,0
0822,Yellow Poplar,28,20,8297,0
0822,Hickory,83,16,12218,0
0822,Black Oak,178,20,43346,0
0822,Chestnut Oak,509,14,75008,0
0822,Scarlet Oak,600,16,110860,0
0822,White Oak,1021,18,206637,0
0823,Sugar Maple,3,18,440,0
0823,Black Cherry,2,24,780,0
0823,Soft Maple,4,22,1220,0
0823,Ash,24,20,6900,0
0823,Northern Red Oak,89,24,39670,0
0823,Black Oak,175,20,41492,0
0823,Chestnut Oak,366,18,73394,0
0823,Scarlet Oak,431,16,96950,0
0823,White Oak,925,18,208580,0
0824,Yellow Poplar,146,16,0,25509
0824,Red Maple,52,14,0,4212
0824,Black Cherry,21,18,0,3222
0824,Other,26,14,0,2132
0824,Aspen,18,14,0,1901
0824,Shortleaf Pine,2401,12,0,1076
0824,White Pine,1851,10,0,457
0824,Red Pine,238,10,0,63
0825,Basswood,16,18,4372,0
0825,Black Cherry,19,18,5973,0
0825,Soft Maple,29,18,6368,0
0825,Pine,24,18,7635,0
0825,Hickory,72,20,9296,0
0825,Northern Red Oak,29,24,13096,0
0825,White Oak,156,18,30788,0
0825,Yellow Poplar,380,18,107105,0
0825,Black Oak,622,18,143164,0
0825,Scarlet Oak,646,18,145508,0
0825,Chestnut Oak,1059,16,163506,0
0826,Blackgum,2,16,212,0
0826,Black Walnut,1,20,234,0
0826,Basswood,2,18,446,0
0826,Chestnut Oak,5,20,903,0
0826,Sugar Maple,11,16,1040,0
0826,Scarlet Oak,4,22,1286,0
0826,Hickory,15,16,2681,0
0826,Northern Red Oak,9,28,4644,0
0826,Red Maple,45,14,4822,0
0826,Black Cherry,24,22,6848,0
0826,Black Oak,24,26,13148,0
0826,Yellow Poplar,56,24,26297,0
0826,White Oak,140,24,69683,0
0827,Other,7,16,1226,0
0827,Northern Red Oak,6,26,2773,0
0827,Soft Maple,36,16,5140,0
0827,Hickory,36,16,5761,0
0827,White Oak,75,18,19613,0
0827,Scarlet Oak,126,20,27150,0
0827,Yellow Poplar,170,18,37157,0
0827,Black Oak,243,20,58164,0
0827,Chestnut Oak,474,18,90771,0
0828,Other,2,18,360,0
0828,Red Maple,2,18,440,0
0828,Sugar Maple,9,18,1520,0
0828,Ash,9,18,1560,0
0828,Northern Red Oak,11,20,2580,0
0828,Black Oak,34,20,8840,0
0828,Chestnut Oak,50,18,10740,0
0828,White Oak,200,20,45900,0
0829,Aspen,2,16,360,0
0829,Basswood,4,20,1037,0
0829,Red Maple,9,18,1701,0
0829,Elm,8,18,1885,0
0829,Scarlet Oak,11,20,3275,0
0829,Sugar Maple,26,18,5671,0
0829,Black Oak,25,20,6206,0
0829,Northern Red Oak,25,22,8587,0
0829,Ash,47,20,12646,0
0829,White Oak,51,22,16219,0
0829,Chestnut Oak,85,22,23775,0
0829,Yellow Poplar,228,22,84533,0
0830,White Pine,5138,10,0,1259
0830,Pine,400,8,0,38
0831,Hickory,8,18,1688,0
0831,Scarlet Oak,8,24,3456,0
0831,Yellow Poplar,17,26,5080,0
0831,Ash,34,14,5180,0
0831,Black Cherry,44,22,12098,0
0831,Beech,100,14,21332,0
0831,White Oak,97,12,34470,0
0831,Black Oak,111,24,35796,0
0831,Northern Red Oak,65,26,46800,0
0831,Sugar Maple,272,16,47666,0
0832,Hickory,8,16,864,0
0832,Blackgum,6,18,888,0
0832,Scarlet Oak,8,22,3792,0
0832,Red Maple,25,18,5400,0
0832,White Oak,49,18,10944,0
0832,Black Oak,123,18,22104,0
0832,Yellow Poplar,87,22,41904,0
0832,Chestnut Oak,438,20,102336,0
0833,Ash,12,20,3408,0
0833,Yellow Poplar,24,22,10630,0
0833,Sugar Maple,45,18,11517,0
0833,Black Oak,55,22,20643,0
0833,Northern Red Oak,202,18,41819,0
0833,Scarlet Oak,170,24,67910,0
0833,White Oak,301,18,69561,0
0833,Chestnut Oak,428,16,84366,0
0834,Black Walnut,1,20,240,0
0834,Other,4,16,380,0
0834,Black Cherry,1,26,400,0
0834,Sugar Maple,12,18,1940,0
0834,Red Maple,13,18,4980,0
0834,Scarlet Oak,17,20,7580,0
0834,Northern Red Oak,27,24,10360,0
0834,Ash,48,22,16480,0
0834,Black Oak,49,22,16800,0
0834,White Oak,61,22,19400,0
0834,Chestnut Oak,284,22,82020,0
0834,Yellow Poplar,448,22,177200,0
0835,Basswood,1,24,260,0
0835,Black Cherry,2,20,500,0
0835,Black Walnut,2,22,740,0
0835,Ash,5,18,860,0
0835,Other,14,18,2520,0
0835,Sugar Maple,19,18,3040,0
0835,Scarlet Oak,12,22,4360,0
0835,Red Maple,31,20,6860,0
0835,Black Oak,62,22,21840,0
0835,Northern Red Oak,49,26,24680,0
0835,White Oak,74,22,27740,0
0835,Yellow Poplar,129,21,44300,0
0835,Chestnut Oak,190,22,62920,0
0836,Blackgum,1,12,30,0
0836,Black Walnut,2,14,231,0
0836,Cucumbertree,2,18,497,0
0836,Sassafras,6,14,666,0
0836,Scarlet Oak,3,24,933,0
0836,Aspen,9,14,1356,0
0836,Ailanthus,40,13,3331,0
0836,Black Locust,29,15,3407,0
0836,Basswood,19,15,5287,0
0836,Black Oak,26,22,9413,0
0836,Hickory,74,17,13109,0
0836,Sycamore,19,26,14429,0
0836,Silver Maple,149,15,16206,0
0836,Beech,66,17,18971,0
0836,White Oak,174,16,29122,0
0836,Red Maple,228,17,32975,0
0836,Ash,229,17,33483,0
0836,Northern Red Oak,68,26,43110,0
0836,Yellow Poplar,205,18,66789,0
0836,Sugar Maple,709,14,78080,0
0836,Elm,655,15,81940,0
0836,Black Cherry,1349,18,272496,0
0901,Black Walnut,2,18,340,0
0901,Black Cherry,4,16,520,0
0901,Basswood,4,20,1130,0
0901,Other,7,18,1370,0
0901,Beech,43,20,6930,0
0901,Yellow Poplar,477,22,11557,0
0901,Ash,55,22,13241,0
0901,Pignut Hickory,165,16,17692,0
0901,Sugar Maple,87,22,19691,0
0901,Red Maple,266,16,31720,0
0901,Northern Red Oak,92,24,34509,0
0901,Chestnut Oak,823,18,87323,0
0901,Black Oak,526,20,103623,0
0901,White Oak,722,20,132211,0
0901,Scarlet Oak,1058,20,214493,0
0902,Black Cherry,1,16,180,0
0902,Beech,3,20,692,0
0902,Blackgum,16,18,2539,0
0902,Red Maple,30,16,4516,0
0902,Hickory,27,18,6094,0
0902,Yellow Poplar,13,24,7255,0
0902,Northern Red Oak,19,26,11645,0
0902,White Oak,86,20,23478,0
0902,Black Oak,97,22,38340,0
0902,Scarlet Oak,145,24,54060,0
0902,Chestnut Oak,280,18,55430,0
0903,Ash,12,20,2280,0
0903,Other,17,16,2660,0
0903,Northern Red Oak,23,18,8014,0
0903,Soft Maple,82,14,8595,0
0903,Hickory,51,16,8974,0
0903,White Oak,353,16,86225,0
0903,Black Oak,374,20,107802,0
0903,Scarlet Oak,537,18,108646,0
0903,Chestnut Oak,677,18,132877,0
0903,Yellow Poplar,639,20,261613,0
0904,Black Cherry,7,18,1440,0
0904,Sugar Maple,13,16,1500,0
0904,Other,17,1,3720,0
0904,Red Maple,63,16,9320,0
0904,Northern Red Oak,34,20,10600,0
0904,Chestnut Oak,89,16,14340,0
0904,Black Oak,73,18,17080,0
0904,Yellow Poplar,82,18,18040,0
0904,Scarlet Oak,112,18,23080,0
0904,White Oak,257,18,52240,0
0905,Beech,4,16,494,0
0905,Blackgum,6,16,814,0
0905,Pignut Hickory,7,22,3086,0
0905,Red Maple,32,16,3732,0
0905,Northern Red Oak,12,24,4938,0
0905,Yellow Poplar,37,20,10527,0
0905,Scarlet Oak,53,26,19978,0
0905,Chestnut Oak,513,16,94802,0
0905,White Oak,334,22,101459,0
0905,Black Oak,371,24,124693,0
0906,Sugar Maple,10,16,1650,0
0906,Red Maple,41,14,4272,0
0906,Other,97,14,14544,0
0906,Hickory,118,16,26001,0
0906,Black Oak,182,20,37115,0
0906,Northern Red Oak,116,20,40732,0
0906,White Oak,192,20,47897,0
0906,Chestnut Oak,422,16,72994,0
0906,Scarlet Oak,384,20,90703,0
0906,Yellow Poplar,363,18,96491,0
0907,Soft Maple,31,18,5710,0
0907,Scarlet Oak,50,16,11520,0
0907,White Oak,74,18,15314,0
0907,Black Oak,74,16,16262,0
0907,Northern Red Oak,62,18,18110,0
0907,Ash,121,18,25964,0
0907,Hickory,97,18,26308,0
0907,Yellow Poplar,192,20,70842,0
0907,Sugar Maple,547,16,93132,0
0908,Black Locust,1,18,240,0
0908,Basswood,1,22,490,0
0908,Beech,3,22,720,0
0908,Sugar Maple,4,20,1270,0
0908,Black Walnut,9,19,1700,0
0908,Ash,9,20,2670,0
0908,Blackgum,14,19,2740,0
0908,Aspen,15,16,3270,0
0908,Red Maple,26,20,7020,0
0908,Hickory,29,20,8460,0
0908,Yellow Poplar,39,22,21760,0
0908,Northern Red Oak,49,24,30390,0
0908,White Oak,239,22,90430,0
0908,Chestnut Oak,356,20,92800,0
0908,Scarlet Oak,298,22,132340,0
0908,Black Oak,407,20,153720,0
0909,Chinkapin Oak,2,14,140,0
0909,Blackgum,2,18,510,0
0909,Hickory,5,18,990,0
0909,Ash,7,16,1060,0
0909,Basswood,6,18,1750,0
0909,Red Maple,33,16,4970,0
0909,Northern Red Oak,19,24,13917,0
0909,White Oak,106,20,28980,0
0909,Scarlet Oak,359,20,81950,0
0909,Black Oak,290,20,94750,0
0909,Chestnut Oak,492,20,143520,0
0909,Yellow Poplar,328,22,169590,0
0910,Yellow Poplar,429,18,0,86770
0910,Other,347,18,0,49539
0910,White Pine,4710,14,0,3806
0910,Black Cherry,21,16,0,3140
0910,Black Oak,8,20,0,2580
0910,White Oak,12,16,0,1660
0910,Red Pine,2385,12,0,1222
0910,Black Walnut,5,20,0,990
0910,Virginia Pine,792,14,0,500
0911,White Pine,4578,14,0,2937
0911,Red Pine,5104,8,0,824
0911,Lob/SLP,91,14,0,49
0912,Other,2,16,200,0
0912,Black Cherry,2,16,250,0
0912,Aspen,6,14,1010,0
0912,Ash,17,14,1862,0
0912,Birch,13,16,1948,0
0912,Beech,42,16,3192,0
0912,Blackgum,32,14,3392,0
0912,Scarlet Oak,16,22,5187,0
0912,Northern Red Oak,13,28,8217,0
0912,White Oak,39,18,9500,0
0912,Sugar Maple,88,16,10763,0
0912,Hickory,126,18,18690,0
0912,Black Oak,61,24,21475,0
0912,Soft Maple,249,14,26138,0
0912,Yellow Poplar,162,20,45958,0
0912,Chestnut Oak,332,20,82811,0
0914,Blackgum,8,14,882,0
0914,Beech,4,16,1078,0
0914,Yellow Poplar,7,14,1400,0
0914,Soft Maple,18,14,1596,0
0914,Northern Red Oak,4,20,1722,0
0914,Hickory,19,18,3969,0
0914,Scarlet Oak,46,18,13281,0
0914,White Oak,95,16,18597,0
0914,Black Oak,122,18,27850,0
0914,Chestnut Oak,251,16,47824,0
0915,Red Pine,4019,12,0,1814
0915,White Pine,1743,14,0,1286
0916,Northern Red Oak,16,20,4709,0
0916,Scarlet Oak,18,18,5185,0
0916,White Oak,23,20,6413,0
0916,Hickory,52,16,7887,0
0916,Black Oak,94,18,20487,0
0916,Yellow Poplar,58,22,29277,0
0916,Chestnut Oak,278,16,41757,0
0917,Red Maple,14,20,5967,0
0917,Northern Red Oak,38,24,14050,0
0917,Hickory,89,14,14357,0
0917,Black Oak,142,16,38735,0
0917,Chestnut Oak,489,14,59134,0
0917,White Oak,168,20,77699,0
0918,White Pine,3767,10,0,3968
0918,Red Pine,2262,10,0,570
0919,Beech,7,18,1073,0
0919,Other,5,18,1085,0
0919,Black Cherry,8,18,1522,0
0919,Ash,9,18,1767,0
0919,Hickory,41,16,5857,0
0919,Sugar Maple,49,16,7078,0
0919,Red Maple,92,14,10285,0
0919,Yellow Poplar,62,20,21779,0
0919,Northern Red Oak,75,22,31806,0
0919,Black Oak,268,18,47848,0
0919,Scarlet Oak,179,20,51797,0
0919,Chestnut Oak,552,16,87364,0
0919,White Oak,670,18,129776,0
0920,Black Cherry,3,14,330,0
0920,Other,23,12,1344,0
0920,Northern Red Oak,6,22,2480,0
0920,Ash,39,24,4315,0
0920,Soft Maple,62,16,8469,0
0920,Hickory,314,12,25128,0
0920,Chestnut Oak,204,16,30060,0
0920,Black Oak,210,20,47830,0
0920,Yellow Poplar,197,18,47831,0
0920,Scarlet Oak,416,18,91061,0
0920,White Oak,787,18,115899,0
0921,Black Walnut,3,18,378,0
0921,Other,7,18,1261,0
0921,Black Cherry,38,12,2128,0
0921,Basswood,6,24,2758,0
0921,Red Maple,32,16,4852,0
0921,Hickory,45,16,6809,0
0921,Sugar Maple,51,16,7579,0
0921,Beech,114,14,9031,0
0921,Ash,94,18,20723,0
0921,Northern Red Oak,49,24,24814,0
0921,Scarlet Oak,106,22,30819,0
0921,Black Oak,99,22,35873,0
0921,Yellow Poplar,109,22,51215,0
0921,Chestnut Oak,450,18,98277,0
0921,White Oak,680,20,168498,0
1001,Elm,1,12,56,0
1001,Blackgum,7,16,925,0
1001,Black Walnut,3,22,930,0
1001,Hickory,10,14,963,0
1001,Black Cherry,4,20,1134,0
1001,Ash,7,16,1501,0
1001,Basswood,16,18,2591,0
1001,Aspen,10,18,3013,0
1001,Sugar Maple,27,16,4632,0
1001,Northern Red Oak,12,24,5812,0
1001,Red Maple,62,16,9198,0
1001,Black Oak,176,20,52440,0
1001,White Oak,190,20,57553,0
1001,Yellow Poplar,231,20,84857,0
1001,Scarlet Oak,315,20,92777,0
1001,Chestnut Oak,555,18,126117,0
1002,Other,37,18,7041,0
1002,Hickory,113,14,14043,0
1002,Scarlet Oak,152,16,21788,0
1002,White Oak,157,16,25388,0
1002,Black Oak,389,16,66572,0
1002,Chestnut Oak,1039,16,154018,0
1002,Yellow Poplar,581,20,168071,0
1003,Blackgum,3,14,297,0
1003,Hickory,3,14,345,0
1003,Northern Red Oak,1,30,718,0
1003,Sugar Maple,6,16,828,0
1003,Black Cherry,3,20,938,0
1003,Ash,10,16,1632,0
1003,Aspen,21,18,4454,0
1003,Scarlet Oak,83,20,18372,0
1003,Red Maple,170,16,20664,0
1003,Black Oak,105,20,23197,0
1003,White Oak,192,20,46769,0
1003,Yellow Poplar,185,20,67378,0
1003,Chestnut Oak,538,18,103117,0
1004,Buckeye,38,12,3496,0
1004,Elm,69,12,3864,0
1004,Ash,59,14,6195,0
1004,Basswood,39,16,8190,0
1004,Sugar Maple,24,28,20400,0
1004,Northern Red Oak,82,24,53650,0
1004,Hickory,586,14,55405,0
1004,Yellow Poplar,112,22,59078,0
1004,Scarlet Oak,156,20,59670,0
1004,Black Oak,156,20,60189,0
1004,Beech,380,18,63093,0
1004,Red Maple,433,16,73886,0
1004,Chestnut Oak,356,16,87023,0
1004,White Oak,1068,18,275861,0
1005,Cucumbertree,2,20,720,0
1005,Sycamore,27,12,1547,0
1005,Sassafras,17,14,1720,0
1005,Sugar Maple,10,18,1980,0
1005,Blackgum,19,16,2160,0
1005,Sourwood,32,12,2800,0
1005,Ash,20,20,3400,0
1005,Black Cherry,23,18,3810,0
1005,Beech,44,18,6712,0
1005,Hickory,77,14,7643,0
1005,Northern Red Oak,22,26,12569,0
1005,Birch,144,14,16787,0
1005,Aspen,102,16,19647,0
1005,Black Oak,136,20,44117,0
1005,Scarlet Oak,132,22,47440,0
1005,Yellow Poplar,152,20,53436,0
1005,Red Maple,353,16,58020,0
1005,White Oak,254,18,65216,0
1005,Chestnut Oak,493,20,121186,0
1006,Beech,1,12,56,0
1006,Blackgum,2,16,212,0
1006,Ash,10,16,1767,0
1006,Aspen,9,20,3680,0
1006,Sugar Maple,40,12,4955,0
1006,Red Maple,121,16,5091,0
1006,Scarlet Oak,29,22,11495,0
1006,Hickory,47,20,15252,0
1006,Northern Red Oak,41,28,24826,0
1006,Yellow Poplar,147,20,55491,0
1006,White Oak,206,20,62733,0
1006,Chestnut Oak,354,18,88550,0
1006,Black Oak,317,20,93188,0
1007,Black Walnut,11,16,1640,0
1007,Hard Maple,19,18,2780,0
1007,Chestnut Oak,40,14,4162,0
1007,Black Cherry,149,14,5319,0
1007,Other,71,18,17355,0
1007,Hickory,263,16,32052,0
1007,Ash,405,14,34542,0
1007,Soft Maple,394,14,35813,0
1007,Northern Red Oak,121,20,38780,0
1007,Scarlet Oak,365,18,57799,0
1007,Black Oak,213,20,68324,0
1007,White Oak,765,16,135207,0
1008,Hickory,161,14,12556,0
1008,White Oak,298,14,30702,0
1008,Northern Red Oak,202,18,34185,0
1008,Scarlet Oak,536,16,71697,0
1008,Black Oak,510,18,91823,0
1008,Yellow Poplar,485,20,100193,0
1008,Chestnut Oak,1605,14,158111,0
1009,Red Maple,43,16,7728,0
1009,Blackgum,84,16,12095,0
1009,White Oak,380,14,32565,0
1009,Yellow Poplar,253,18,64415,0
1009,Black Oak,741,16,133373,0
1009,Chestnut Oak,2132,16,213171,0
1009,Scarlet Oak,1307,16,219355,0
1010,Hickory,101,14,5110,0
1010,Red Maple,101,14,7840,0
1010,Yellow Poplar,22,30,17360,0
1010,Scarlet Oak,345,14,42508,0
1010,Black Oak,263,16,46305,0
1010,Chestnut Oak,1829,16,277550,0
1011,Yellow Poplar,188,16,34037,0
1011,Black Oak,532,16,56638,0
1011,Chestnut Oak,798,14,68042,0
1011,Scarlet Oak,593,16,72167,0
1012,Blackgum,14,14,1144,0
1012,Hard Maple,18,16,3220,0
1012,Soft Maple,41,14,3720,0
1012,Yellow Poplar,38,18,5860,0
1012,Hickory,50,16,9120,0
1012,Scarlet Oak,64,16,11783,0
1012,Black Oak,65,18,15631,0
1012,White Oak,168,16,30940,0
1012,Chestnut Oak,1210,16,179289,0
1013,Basswood,2,16,242,0
1013,Black Cherry,1,24,251,0
1013,Ash,7,16,1248,0
1013,Blackgum,16,20,3594,0
1013,Other,72,16,6822,0
1013,Hickory,99,16,10612,0
1013,Red Maple,106,18,16227,0
1013,Northern Red Oak,49,24,20783,0
1013,White Oak,296,18,51169,0
1013,Scarlet Oak,334,20,73594,0
1013,Yellow Poplar,328,22,103087,0
1013,Chestnut Oak,1127,18,177369,0
1013,Black Oak,611,22,182615,0
1014,Black Cherry,1,20,234,0
1014,Black Walnut,3,18,514,0
1014,Other,5,16,605,0
1014,Aspen,2,22,642,0
1014,Northern Red Oak,3,24,1265,0
1014,Black Oak,14,20,3567,0
1014,Scarlet Oak,15,20,3678,0
1014,Ash,44,18,5161,0
1014,Red Maple,37,18,7266,0
1014,White Oak,100,18,20559,0
1014,Chestnut Oak,77,16,26432,0
1014,Yellow Poplar,666,18,204185,0
1015,Scarlet Oak,2,20,547,0
1015,Black Cherry,5,18,1205,0
1015,Hickory,7,22,1726,0
1015,Other,18,16,2297,0
1015,Black Oak,11,20,3156,0
1015,Chestnut Oak,29,20,7060,0
1015,White Oak,22,22,7961,0
1015,Ash,30,20,8428,0
1015,Beech,35,22,8552,0
1015,Sugar Maple,61,18,11946,0
1015,Northern Red Oak,31,24,15500,0
1015,Red Maple,97,18,16245,0
1015,Basswood,176,20,41673,0
1015,Yellow Poplar,292,20,96075,0
1016,White Pine,2371,18,0,1523
1016,Hard Pine,94,14,0,54
1017,Chinkapin Oak,16,16,2156,0
1017,Black Cherry,16,20,4031,0
1017,Black Walnut,48,14,6115,0
1017,Beech,74,18,14104,0
1017,Other,178,16,20815,0
1017,Hickory,142,16,22370,0
1017,Ash,151,16,24434,0
1017,Black Oak,85,20,25705,0
1017,Red Maple,159,16,27773,0
1017,Hard Maple,244,16,29155,0
1017,Scarlet Oak,113,18,29945,0
1017,Northern Red Oak,79,26,42485,0
1017,Chestnut Oak,312,18,59348,0
1017,White Oak,283,18,65418,0
1017,Basswood,409,18,87941,0
1017,Yellow Poplar,802,20,255460,0
1018,Other,11,16,1265,0
1018,Soft Maple,11,16,2150,0
1018,Hard Maple,33,16,3815,0
1018,Black Oak,40,16,8280,0
1018,Hickory,44,20,14337,0
1018,White Oak,62,18,16640,0
1018,Scarlet Oak,71,18,19392,0
1018,Northern Red Oak,90,20,27103,0
1018,Yellow Poplar,115,18,30820,0
1018,Chestnut Oak,496,18,111441,0
1019,Black Walnut,45,14,1668,0
1019,Hard Maple,26,18,5408,0
1019,Scarlet Oak,33,18,5588,0
1019,Hickory,69,16,9323,0
1019,Ash,76,16,11159,0
1019,Black Cherry,101,16,15509,0
1019,Other,121,14,18940,0
1019,Black Oak,66,24,23460,0
1019,Northern Red Oak,62,26,25504,0
1019,Yellow Poplar,104,22,30760,0
1019,Red Maple,165,18,34196,0
1019,White Oak,122,20,34772,0
1020,Basswood,1,20,171,0
1020,Elm,1,24,251,0
1020,Hickory,2,18,340,0
1020,Ash,4,18,893,0
1020,Black Cherry,5,20,1194,0
1020,Red Maple,10,17,1669,0
1020,Sugar Maple,61,14,5909,0
1020,Chestnut Oak,40,20,10883,0
1020,Northern Red Oak,38,22,14431,0
1020,Scarlet Oak,105,18,24134,0
1020,Black Oak,93,20,29922,0
1020,Yellow Poplar,359,18,95477,0
1020,White Oak,544,20,136166,0
1021,Sugar Maple,1,22,211,0
1021,Aspen,1,24,605,0
1021,Blackgum,6,18,1070,0
1021,Hickory,14,18,2592,0
1021,Northern Red Oak,8,24,3679,0
1021,Red Maple,36,16,4016,0
1021,Yellow Poplar,99,18,24376,0
1021,White Oak,157,20,38928,0
1021,Black Oak,220,20,51896,0
1021,Chestnut Oak,356,18,61938,0
1021,Scarlet Oak,454,18,92591,0
1101,White Pine,,16,0,15000
1103,Black Walnut,10,20,1865,0
1103,Blackgum,28,20,7672,0
1103,Ash,56,16,8481,0
1103,Other,65,22,10698,0
1103,Red Maple,225,18,16711,0
1103,Basswood,95,22,27940,0
1103,Hickory,109,20,30443,0
1103,Sugar Maple,225,18,32576,0
1103,Scarlet Oak,200,20,39172,0
1103,Black Oak,249,22,84323,0
1103,Northern Red Oak,178,26,86787,0
1103,White Oak,460,20,121340,0
1103,Yellow Poplar,678,22,249080,0
1103,Chestnut Oak,772,22,320795,0
1104,Black Cherry,38,14,2916,0
1104,Ash,20,18,3639,0
1104,Basswood,23,18,4154,0
1104,Other,58,16,5606,0
1104,Red Maple,56,16,5659,0
1104,Beech,37,20,9705,0
1104,Scarlet Oak,23,24,13699,0
1104,Northern Red Oak,29,24,16018,0
1104,Hickory,112,22,24862,0
1104,Sugar Maple,210,14,24879,0
1104,Chestnut Oak,187,20,45603,0
1104,Yellow Poplar,171,24,52250,0
1104,Black Oak,227,22,98826,0
1104,White Oak,1024,18,268017,0
1105,Blackgum,20,16,2070,0
1105,Black Cherry,20,16,3510,0
1105,Sugar Maple,145,14,15214,0
1105,Ash,56,20,15914,0
1105,Northern Red Oak,88,22,23206,0
1105,Scarlet Oak,129,20,35550,0
1105,Red Maple,225,16,39226,0
1105,Black Oak,306,16,57238,0
1105,Hickory,301,18,71110,0
1105,Yellow Poplar,332,18,96284,0
1105,White Oak,604,18,135198,0
1105,Chestnut Oak,1918,16,366176,0
1106,Yellow Poplar,15,22,7238,0
1106,Scarlet Oak,71,16,11143,0
1106,Black Oak,35,24,19215,0
1106,Hickory,144,16,21561,0
1106,Chestnut Oak,173,18,34674,0
1106,White Oak,170,20,57291,0
1107,Ash,2,16,286,0
1107,Beech,5,20,995,0
1107,Basswood,6,18,1070,0
1107,Sugar Maple,15,14,1537,0
1107,Black Cherry,11,16,1795,0
1107,Red Maple,34,16,4190,0
1107,Hickory,28,16,4500,0
1107,Other,32,18,7234,0
1107,Northern Red Oak,43,22,14928,0
1107,Yellow Poplar,128,18,31894,0
1107,White Oak,237,18,45687,0
1107,Black Oak,284,20,59993,0
1107,Chestnut Oak,519,16,92656,0
1107,Scarlet Oak,388,19,95927,0
1108,Basswood,1,14,78,0
1108,Blackgum,3,14,299,0
1108,Hickory,5,18,844,0
1108,Black Cherry,5,18,992,0
1108,Ash,4,18,1245,0
1108,Aspen,20,16,4293,0
1108,Red Maple,32,18,5918,0
1108,Northern Red Oak,15,24,6880,0
1108,White Oak,44,24,16073,0
1108,Scarlet Oak,106,20,29993,0
1108,Black Oak,153,22,45795,0
1108,Chestnut Oak,264,20,64623,0
1108,Yellow Poplar,168,22,66859,0
1109,Sugar Maple,2,16,214,0
1109,Black Cherry,1,24,441,0
1109,Beech,5,16,801,0
1109,Blackgum,14,18,2326,0
1109,Northern Red Oak,15,26,7399,0
1109,Red Maple,90,18,13842,0
1109,Yellow Poplar,49,22,21151,0
1109,White Oak,112,18,22738,0
1109,Chestnut Oak,108,20,26441,0
1109,Black Oak,94,22,28106,0
1109,Scarlet Oak,82,22,33172,0
1110,Northern Red Oak,18,14,7162,0
1110,Black Walnut,69,18,7532,0
1110,Black Cherry,42,16,10380,0
1110,Scarlet Oak,31,22,11170,0
1110,Hickory,75,16,14435,0
1110,Chestnut Oak,200,14,27853,0
1110,Black Oak,118,22,30584,0
1110,Sugar Maple,285,16,42157,0
1110,Yellow Poplar,205,16,43763,0
1110,Other,245,16,44921,0
1110,Ash,235,16,45315,0
1110,White Oak,169,20,62389,0
1111,Scarlet Oak,18,14,1424,0
1111,Black Oak,6,24,2730,0
1111,Black Cherry,27,16,4076,0
1111,Hickory,90,16,12812,0
1111,Red Maple,73,18,13572,0
1111,Northern Red Oak,40,22,14840,0
1111,Yellow Poplar,45,20,15776,0
1111,Sugar Maple,208,16,33189,0
1111,White Oak,146,18,35451,0
1111,Chestnut Oak,211,16,35838,0
1112,Blackgum,39,14,3034,0
1112,Black Walnut,39,14,4797,0
1112,Beech,23,18,5366,0
1112,Northern Red Oak,44,16,7031,0
1112,Red Maple,139,16,16004,0
1112,Hickory,97,16,19096,0
1112,Sugar Maple,176,16,19252,0
1112,Scarlet Oak,139,18,23074,0
1112,Ash,76,20,30344,0
1112,Black Oak,100,20,30950,0
1112,Yellow Poplar,67,22,31542,0
1112,White Oak,571,16,106046,0
1112,Chestnut Oak,1118,16,155981,0
1113,Black Walnut,9,16,845,0
1113,Black Cherry,10,24,4055,0
1113,Other,106,16,7174,0
1113,Hickory,117,18,17747,0
1113,Ash,87,20,18411,0
1113,Scarlet Oak,57,20,18680,0
1113,Black Oak,54,24,20156,0
1113,Sugar Maple,112,16,21367,0
1113,Beech,45,20,22640,0
1113,Red Maple,180,16,25045,0
1113,Basswood,192,21,39079,0
1113,Northern Red Oak,130,22,44702,0
1113,Chestnut Oak,241,20,52521,0
1113,White Oak,128,24,62560,0
1113,Yellow Poplar,234,20,85468,0
1114,Red Maple,5,18,1017,0
1114,Yellow Poplar,7,22,2396,0
1114,Northern Red Oak,13,20,3888,0
1114,Hickory,31,16,4046,0
1114,Scarlet Oak,16,20,4870,0
1114,Black Oak,148,18,36566,0
1114,White Oak,132,20,41661,0
1114,Chestnut Oak,317,18,91302,0
1115,Sugar Maple,56,14,5136,0
1115,Northern Red Oak,45,16,6912,0
1115,Red Maple,56,14,7416,0
1115,Black Oak,65,18,9480,0
1115,Scarlet Oak,38,20,13752,0
1115,White Oak,282,16,51240,0
1115,Yellow Poplar,150,22,58584,0
1115,Chestnut Oak,453,16,77088,0
1116,Black Walnut,1,18,175,0
1116,Sassafras,8,18,570,0
1116,Hickory,10,20,2579,0
1116,Ash,8,30,2651,0
1116,White Oak,11,30,3301,0
1116,Black Oak,8,28,3891,0
1116,Blackgum,20,22,3943,0
1116,Red Maple,52,22,11852,0
1116,Sugar Maple,75,22,15396,0
1116,Northern Red Oak,25,26,17486,0
1116,Beech,81,22,19596,0
1116,Basswood,129,22,35087,0
1116,Chestnut Oak,116,24,38194,0
1116,Yellow Poplar,182,24,77373,0
1117,Hickory,35,14,2750,0
1117,Red Maple,72,18,12939,0
1117,Yellow Poplar,65,18,21342,0
1117,Scarlet Oak,281,18,51409,0
1117,Black Oak,304,18,53941,0
1117,Chestnut Oak,485,16,57433,0
1117,White Oak,432,16,65400,0
1118,Black Walnut,12,16,1740,0
1118,Hickory,19,14,2420,0
1118,Yellow Poplar,15,20,3660,0
1118,Chestnut Oak,13,20,4680,0
1118,Black Cherry,44,16,6716,0
1118,Red Maple,53,16,8172,0
1118,Sugar Maple,68,16,10385,0
1118,Ash,96,16,16190,0
1118,Other,107,16,18046,0
1118,Northern Red Oak,56,22,21096,0
1118,Scarlet Oak,149,18,36420,0
1118,Black Oak,167,20,45966,0
1118,White Oak,214,18,57420,0
1119,Scarlet Oak,2,14,161,0
1119,Hickory,4,14,285,0
1119,Chestnut Oak,5,14,408,0
1119,Sugar Maple,4,16,488,0
1119,White Oak,10,14,1087,0
1119,Northern Red Oak,34,20,7688,0
1119,Black Oak,57,20,13021,0
1119,Other,101,16,13342,0
1119,Ash,147,16,17914,0
1119,Red Maple,194,16,19471,0
1119,Black Cherry,705,12,33713,0
1119,Yellow Poplar,497,16,50191,0
1119,White Pine,5607,14,0,4053
1119,Red Pine,3808,8,0,781
1119,Pine,1041,10,0,410
1120,Blackgum,4,14,370,0
1120,Pine,2,18,622,0
1120,Red Maple,12,16,1625,0
1120,Northern Red Oak,6,28,3891,0
1120,Yellow Poplar,63,16,10324,0
1120,Hickory,38,20,11217,0
1120,White Oak,101,18,20474,0
1120,Chestnut Oak,683,18,96159,0
1120,Black Oak,578,18,123312,0
1120,Scarlet Oak,839,18,180242,0
1121,Sugar Maple,16,14,1635,0
1121,Basswood,26,16,2760,0
1121,Pine,36,18,4900,0
1121,Hickory,54,16,5793,0
1121,Northern Red Oak,10,30,6700,0
1121,Red Maple,75,16,7324,0
1121,Yellow Poplar,266,18,52043,0
1121,White Oak,334,18,63340,0
1121,Black Oak,399,18,71415,0
1121,Chestnut Oak,678,18,75306,0
1121,Scarlet Oak,847,18,141788,0
1122,Ash,25,16,2052,0
1122,Sugar Maple,29,18,3933,0
1122,Northern Red Oak,15,20,4268,0
1122,Scarlet Oak,17,24,8067,0
1122,Red Maple,19,22,8395,0
1122,White Oak,37,20,12791,0
1122,Hickory,99,16,15080,0
1122,Black Oak,81,22,26402,0
1122,Chestnut Oak,506,18,126684,0
1122,Yellow Poplar,557,20,201957,0
1123,Hickory,1,16,106,0
1123,Scarlet Oak,2,26,915,0
1123,Sugar Maple,14,14,1463,0
1123,Basswood,7,20,1588,0
1123,Black Walnut,11,18,2438,0
1123,Black Oak,30,14,2611,0
1123,Other,32,18,5701,0
1123,Ash,51,18,9966,0
1123,Northern Red Oak,22,24,10420,0
1123,White Oak,82,18,15698,0
1123,Yellow Poplar,62,20,22321,0
1124,Sugar Maple,15,14,1298,0
1124,Yellow Poplar,10,16,2044,0
1124,Northern Red Oak,4,26,2322,0
1124,Beech,23,16,3846,0
1124,Black Oak,37,18,7375,0
1124,Hickory,42,18,7893,0
1124,Other,49,16,8166,0
1124,Scarlet Oak,90,20,20963,0
1124,Red Maple,160,16,26661,0
1124,White Oak,269,20,60313,0
1124,Chestnut Oak,897,18,165990,0
1125,Sugar Maple,4,22,1025,0
1125,Other,14,18,2301,0
1125,Hickory,29,18,5543,0
1125,Ash,21,20,6130,0
1125,Beech,25,22,6264,0
1125,Scarlet Oak,24,20,7270,0
1125,Red Maple,51,18,8506,0
1125,Northern Red Oak,21,28,13357,0
1125,Black Oak,50,20,15056,0
1125,Yellow Poplar,61,20,20619,0
1125,Chestnut Oak,160,20,37683,0
1125,White Oak,201,20,54846,0
1126,Scarlet Oak,1,26,414,0
1126,Hickory,2,20,442,0
1126,Black Cherry,2,20,504,0
1126,Other,6,16,1070,0
1126,Sugar Maple,24,20,5684,0
1126,Red Maple,37,18,6128,0
1126,Black Oak,18,28,7446,0
1126,Chestnut Oak,67,22,13228,0
1126,White Oak,24,24,16968,0
1126,Ash,96,20,21382,0
1126,Northern Red Oak,122,32,38507,0
1126,Yellow Poplar,306,22,107145,0
1127,Chinkapin Oak,2,22,580,0
1127,Black Walnut,11,20,2526,0
1127,Northern Red Oak,13,24,4726,0
1127,Scarlet Oak,23,20,6763,0
1127,Other,45,18,6890,0
1127,Chestnut Oak,33,20,8107,0
1127,Hickory,52,18,10346,0
1127,Black Cherry,55,18,10543,0
1127,Black Oak,40,20,11403,0
1127,White Oak,62,22,18814,0
1127,Sugar Maple,119,20,24076,0
1127,Yellow Poplar,105,18,25952,0
1127,Ash,144,18,27405,0
1127,Red Maple,183,18,27856,0
1128,Elm,19,18,2575,0
1128,Blackgum,31,14,4125,0
1128,Ash,43,16,6000,0
1128,Black Walnut,78,18,11612,0
1128,White Oak,62,18,21698,0
1128,Chestnut Oak,76,22,23761,0
1128,Black Oak,72,26,38490,0
1128,Northern Red Oak,75,26,39978,0
1128,Yellow Poplar,513,24,250770,0
1129,White Oak,10,24,5950,0
1129,Northern Red Oak,29,18,9248,0
1129,Black Oak,152,20,38284,0
1129,Yellow Poplar,118,20,46580,0
1129,Chestnut Oak,556,20,179078,0
1130,Black Walnut,1,14,78,0
1130,Black Cherry,3,16,502,0
1130,Sugar Maple,15,16,1330,0
1130,Basswood,21,16,3501,0
1130,Black Oak,28,20,3898,0
1130,Scarlet Oak,49,16,6357,0
1130,Red Maple,72,14,8852,0
1130,Hickory,127,16,13128,0
1130,Ash,95,16,13475,0
1130,Northern Red Oak,39,22,13717,0
1130,Other,119,16,14274,0
1130,White Oak,122,18,23796,0
1130,Chestnut Oak,295,16,39839,0
1130,Yellow Poplar,187,18,54303,0
1205,Chestnut Oak,3,26,1638,0
1205,Hickory,20,18,4366,0
1205,Black Walnut,29,16,4420,0
1205,Scarlet Oak,34,18,10732,0
1205,Yellow Poplar,58,18,21309,0
1205,Red Maple,237,14,27926,0
1205,White Oak,196,16,41531,0
1205,Black Oak,190,18,51040,0
1205,Ash,310,16,56631,0
1205,Sugar Maple,449,16,64656,0
1205,Black Cherry,612,14,80650,0
1205,Northern Red Oak,288,22,129722,0
1212,Hard Pine,11309,12,0,3720
1212,White Pine,2579,14,0,959
1213,Black Oak,5,18,863,0
1213,Scarlet Oak,6,20,2045,0
1213,Northern Red Oak,17,20,5003,0
1213,Beech,14,26,7524,0
1213,Ash,51,18,10222,0
1213,Cherry,53,18,10238,0
1213,White Oak,86,16,17277,0
1213,Basswood,73,20,17822,0
1213,Other,94,16,18931,0
1213,Soft Maple,240,16,39888,0
1213,Hard Maple,367,18,67086,0
1213,Chestnut Oak,479,18,114737,0
1213,Yellow Poplar,453,20,151911,0
1214,Blackgum,11,14,973,0
1214,Beech,11,14,1004,0
1214,Birch,16,14,1441,0
1214,Cherry,4,28,2329,0
1214,Black Oak,10,20,2621,0
1214,Northern Red Oak,7,24,3235,0
1214,Scarlet Oak,51,20,5135,0
1214,Hickory,45,18,7771,0
1214,Chestnut Oak,88,20,24856,0
1214,Soft Maple,169,16,26280,0
1214,White Oak,136,20,34634,0
1214,Yellow Poplar,268,20,46821,0
1215,Black Walnut,14,16,1520,0
1215,White Oak,8,22,2790,0
1215,Black Oak,5,30,3344,0
1215,Northern Red Oak,34,18,6030,0
1215,Hickory,21,18,6864,0
1215,Chestnut Oak,157,20,52376,0
1215,Yellow Poplar,254,22,104672,0
1217,Black Cherry,8,16,1487,0
1217,Other,22,16,2923,0
1217,Ash,28,16,4644,0
1217,Scarlet Oak,21,20,5006,0
1217,Soft Maple,73,16,9164,0
1217,Hard Maple,44,18,10974,0
1217,Hickory,88,16,12268,0
1217,Northern Red Oak,66,22,23548,0
1217,Yellow Poplar,78,20,24831,0
1217,Black Oak,109,18,28234,0
1217,White Oak,261,22,94273,0
1217,Chestnut Oak,403,20,113609,0
1221,Black Walnut,1,14,40,0
1221,Ash,2,20,396,0
1221,Hickory,7,24,3135,0
1221,Soft Maple,23,18,5340,0
1221,Scarlet Oak,51,18,10875,0
1221,Northern Red Oak,74,18,12749,0
1221,Black Oak,106,18,19284,0
1221,White Oak,365,18,64176,0
1221,Chestnut Oak,1089,18,185651,0
1222,Hackberry,1,14,40,0
1222,Black Cherry,2,20,311,0
1222,Sycamore,1,28,733,0
1222,Blackgum,8,16,915,0
1222,Elm,8,16,1141,0
1222,Black Oak,7,20,1466,0
1222,Hickory,9,18,1492,0
1222,Beech,26,18,3747,0
1222,Northern Red Oak,12,22,4416,0
1222,White Oak,16,20,4424,0
1222,Ash,20,20,5096,0
1222,Soft Maple,40,18,5672,0
1222,Hard Maple,55,18,7851,0
1222,Basswood,41,18,8724,0
1222,Chestnut Oak,73,20,18707,0
1222,Yellow Poplar,209,22,103874,0
1223,Black Cherry,1,26,368,0
1223,Black Walnut,4,22,1099,0
1223,Basswood,18,16,2180,0
1223,Hard Maple,18,20,4405,0
1223,Other,46,14,5682,0
1223,Hickory,47,18,8722,0
1223,Soft Maple,65,16,8970,0
1223,Northern Red Oak,33,22,12007,0
1223,Scarlet Oak,146,20,43464,0
1223,Black Oak,152,22,57880,0
1223,Chestnut Oak,238,20,68881,0
1223,Yellow Poplar,188,22,77423,0
1223,White Oak,328,20,108647,0
1224,Ash,17,14,1342,0
1224,Hard Maple,17,14,1342,0
1224,Black Walnut,14,16,1398,0
1224,Soft Maple,10,18,1530,0
1224,Elm,8,20,1650,0
1224,Scarlet Oak,49,16,5916,0
1224,White Oak,54,20,11769,0
1224,Yellow Poplar,30,24,14435,0
1224,Black Oak,227,20,56945,0
1224,Chestnut Oak,572,18,106430,0
1225,Mixed Hardwood,68,16,9338,0
1225,Yellow Poplar,143,18,25259,0
1225,White Pine,412,20,0,1892
1226,Black Walnut,1,14,80,0
1226,Hard Maple,1,16,140,0
1226,Black Cherry,1,18,240,0
1226,Northern Red Oak,1,16,240,0
1226,Hickory,6,16,780,0
1226,Soft Maple,14,18,3160,0
1226,Chestnut Oak,13,22,3840,0
1226,Black Oak,17,24,7540,0
1226,White Oak,29,20,8660,0
1226,Yellow Poplar,26,26,15740,0
1226,Scarlet Oak,58,24,27980,0
1227,Ash,1,26,725,0
1227,Black Oak,7,20,1878,0
1227,Hickory,13,16,2291,0
1227,Hard Maple,15,20,3985,0
1227,Other,23,18,3993,0
1227,Soft Maple,89,18,18465,0
1227,Scarlet Oak,107,18,19348,0
1227,Northern Red Oak,61,22,25931,0
1227,White Oak,79,26,39640,0
1227,Yellow Poplar,185,22,81937,0
1227,Chestnut Oak,1207,20,308547,0
1228,Hard Maple,1,14,80,0
1228,Black Walnut,1,20,240,0
1228,Blackgum,3,16,360,0
1228,Birch,4,16,440,0
1228,Beech,1,28,480,0
1228,Black Cherry,19,18,4720,0
1228,Northern Red Oak,10,26,5500,0
1228,Hickory,26,16,5600,0
1228,Yellow Poplar,20,22,10260,0
1228,Soft Maple,100,16,16400,0
1228,Scarlet Oak,58,22,20860,0
1228,Black Oak,92,20,30240,0
1228,White Oak,96,20,31200,0
1228,Chestnut Oak,164,18,38620,0
1229,Beech,18,14,1393,0
1229,Hickory,14,16,1955,0
1229,Soft Maple,19,14,2532,0
1229,Aspen,30,20,8802,0
1229,Black Oak,70,22,19390,0
1229,White Oak,159,16,24095,0
1229,Scarlet Oak,373,18,80945,0
1229,Yellow Poplar,212,20,87733,0
1229,Chestnut Oak,905,16,160394,0
1230,Black Cherry,15,16,3016,0
1230,Other,9,20,3212,0
1230,Soft Maple,44,22,21034,0
1230,White Oak,51,26,28181,0
1230,Red Oak,276,20,110163,0
1231,Basswood,14,20,4352,0
1231,Other,146,14,11299,0
1231,Scarlet Oak,117,18,23884,0
1231,Soft Maple,166,18,32936,0
1231,Black Oak,169,22,48785,0
1231,Northern Red Oak,127,26,62380,0
1231,White Oak,647,20,147027,0
1231,Chestnut Oak,735,20,169471,0
1231,Yellow Poplar,380,24,178239,0
1232,Soft Maple,21,16,3237,0
1232,Hickory,10,22,3903,0
1232,White Oak,59,18,14653,0
1232,Black Oak,71,18,19046,0
1232,Yellow Poplar,62,20,22167,0
1232,Scarlet Oak,98,18,23467,0
1232,Chestnut Oak,685,18,141697,0
1233,Basswood,1,22,285,0
1233,Hickory,1,22,338,0
1233,Northern Red Oak,3,24,1374,0
1233,Soft Maple,51,16,6400,0
1233,Other,68,16,12837,0
1233,Chestnut Oak,68,20,16457,0
1233,Yellow Poplar,66,20,21547,0
1233,White Oak,100,18,30165,0
1233,Black Oak,145,22,52367,0
1233,Scarlet Oak,249,20,75378,0
1301,Scarlet Oak,5,20,1089,0
1301,Beech,22,20,1142,0
1301,Shingle Oak,6,20,1188,0
1301,Black Walnut,23,18,2231,0
1301,Chinkapin Oak,18,18,3063,0
1301,Black Oak,16,22,5546,0
1301,Chestnut Oak,39,16,9180,0
1301,Basswood,78,18,13665,0
1301,Hickory,110,20,18206,0
1301,Black Cherry,100,22,23931,0
1301,Other,163,18,32186,0
1301,Soft Maple,209,22,40470,0
1301,Ash,205,22,46258,0
1301,Northern Red Oak,171,22,57540,0
1301,White Oak,371,20,92449,0
1301,Hard Maple,1306,18,199319,0
1301,Yellow Poplar,640,22,236814,0
1303,Black Walnut,11,16,668,0
1303,Other,11,16,1425,0
1303,Beech,14,20,1904,0
1303,Black Cherry,8,20,1921,0
1303,Basswood,35,16,5398,0
1303,Soft Maple,25,20,5761,0
1303,Hickory,64,18,12807,0
1303,Hard Maple,88,18,17454,0
1303,Ash,77,20,22267,0
1303,Scarlet Oak,60,24,25545,0
1303,Black Oak,166,20,47423,0
1303,Red Oak,106,28,64853,0
1303,Chestnut Oak,508,18,114922,0
1303,White Oak,373,22,115835,0
1303,Yellow Poplar,347,20,123166,0
1304,Hickory,9,18,1280,0
1304,Ash,9,18,2200,0
1304,Elm,38,18,3850,0
1304,Black Walnut,38,16,4640,0
1304,White Oak,7,28,4800,0
1304,Scarlet Oak,26,18,5930,0
1304,Hard Maple,28,22,6310,0
1304,Soft Maple,51,18,7380,0
1304,Northern Red Oak,13,26,8100,0
1304,Black Cherry,90,18,11730,0
1304,Yellow Poplar,56,22,15510,0
1305,Soft Maple,5,24,2353,0
1305,Northern Red Oak,3,34,2802,0
1305,Chestnut Oak,83,18,14523,0
1305,Scarlet Oak,77,22,28682,0
1305,Yellow Poplar,129,18,33470,0
1305,Black Oak,121,20,37475,0
1305,White Oak,185,20,55674,0
1306,Hard Maple,26,14,2002,0
1306,Soft Maple,23,14,2436,0
1306,Other,14,18,2592,0
1306,Ash,16,18,2860,0
1306,Black Oak,6,28,3960,0
1306,White Oak,32,18,4246,0
1306,Hickory,49,18,10882,0
1306,Northern Red Oak,43,22,18462,0
1306,Basswood,102,18,24822,0
1306,Chestnut Oak,307,18,72505,0
1306,Yellow Poplar,566,20,173663,0
1307,Other,15,14,650,0
1307,Beech,13,16,1666,0
1307,Hard Maple,33,18,5905,0
1307,Hickory,121,16,13870,0
1307,Soft Maple,107,16,15684,0
1307,Scarlet Oak,215,18,45624,0
1307,Chestnut Oak,385,18,82404,0
1307,Red Oak,275,22,96117,0
1307,Black Oak,627,20,148564,0
1307,Yellow Poplar,761,20,230082,0
1307,White Oak,1684,20,377207,0
1308,Beech,1,20,154,0
1308,Basswood,2,20,321,0
1308,Scarlet Oak,4,20,660,0
1308,Black Cherry,5,20,904,0
1308,Other,22,16,2086,0
1308,Hickory,16,20,3898,0
1308,Blackgum,33,16,4903,0
1308,Black Walnut,26,20,4965,0
1308,Hard Maple,43,18,5831,0
1308,Aspen,37,18,6467,0
1308,Ash,86,18,15010,0
1308,Soft Maple,166,18,23765,0
1308,White Oak,114,20,24374,0
1308,Northern Red Oak,69,24,28580,0
1308,Black Oak,108,24,31606,0
1308,Yellow Poplar,354,20,104692,0
1308,Chestnut Oak,595,20,131784,0
1309,Sycamore,2,18,388,0
1309,Black Cherry,2,20,452,0
1309,Black Walnut,6,18,974,0
1309,Scarlet Oak,3,22,1032,0
1309,Hickory,5,20,1231,0
1309,Elm,6,20,1240,0
1309,Sassafras,8,18,1829,0
1309,Blackgum,15,18,2748,0
1309,Soft Maple,35,18,6745,0
1309,Black Oak,19,22,6845,0
1309,White Oak,78,22,26213,0
1309,Beech,114,20,26645,0
1309,Basswood,125,18,29029,0
1309,Ash,92,20,29917,0
1309,Chestnut Oak,92,22,30378,0
1309,Hard Maple,162,18,32184,0
1309,Northern Red Oak,87,24,38505,0
1309,Yellow Poplar,174,22,73918,0
1310,Black Walnut,10,18,2038,0
1310,Scarlet Oak,6,22,2465,0
1310,Ash,17,18,3957,0
1310,Basswood,31,18,6424,0
1310,Soft Maple,39,18,7871,0
1310,Other,43,16,10629,0
1310,Hickory,44,18,10690,0
1310,Hard Maple,122,14,12543,0
1310,Chestnut Oak,77,20,19091,0
1310,Yellow Poplar,70,22,25631,0
1310,Black Oak,85,20,26866,0
1310,Northern Red Oak,99,20,28591,0
1310,White Oak,95,22,34961,0
1312,Elm,16,16,1702,0
1312,Soft Maple,10,20,1758,0
1312,Black Walnut,13,18,2335,0
1312,Aspen,10,20,3577,0
1312,Black Cherry,31,18,6875,0
1312,Hard Maple,65,18,7937,0
1312,Shingle Oak,66,18,9897,0
1312,Hickory,96,16,14820,0
1312,Northern Red Oak,143,20,39931,0
1312,Black Oak,505,18,101612,0
1312,Scarlet Oak,892,18,211595,0
1312,Chestnut Oak,1680,18,304960,0
1312,White Oak,1605,18,320792,0
1313,Ash,3,24,976,0
1313,Hickory,12,16,2351,0
1313,Soft Maple,22,16,2405,0
1313,Cherry,10,18,2652,0
1313,Beech,25,18,3868,0
1313,Birch,29,18,4968,0
1313,Other,35,18,6385,0
1313,Scarlet Oak,45,20,12379,0
1313,Hard Maple,55,18,12807,0
1313,Chestnut Oak,73,16,13706,0
1313,Black Oak,41,22,15400,0
1313,Northern Red Oak,47,22,19389,0
1313,Yellow Poplar,76,20,28425,0
1313,White Oak,219,18,58459,0
1314,Black Cherry,2,16,146,0
1314,Basswood,1,16,180,0
1314,Hickory,3,16,368,0
1314,Blackgum,3,16,422,0
1314,Elm,6,16,526,0
1314,White Ash,9,18,1331,0
1314,Scarlet Oak,4,22,1439,0
1314,Red Maple,11,18,1825,0
1314,Sugar Maple,11,18,1844,0
1314,Black Oak,13,20,3577,0
1314,Yellow Poplar,15,22,6764,0
1314,Northern Red Oak,38,22,14543,0
1314,White Oak,96,20,27213,0
1314,Chestnut Oak,183,20,48644,0
1315,Ash,14,14,1522,0
1315,Hickory,24,14,3282,0
1315,Soft Maple,58,16,5194,0
1315,Yellow Poplar,29,26,19297,0
1315,Chestnut Oak,102,18,23703,0
1315,Scarlet Oak,136,18,29094,0
1315,Black Oak,140,20,45353,0
1315,White Oak,171,20,47423,0
1316,Black Walnut,4,24,2022,0
1316,Hickory,12,18,2286,0
1316,Hard Maple,34,14,2965,0
1316,Beech,47,16,5410,0
1316,Other,51,18,12058,0
1316,Chestnut Oak,538,18,12999,0
1316,Ash,43,20,14227,0
1316,Black Oak,48,20,14831,0
1316,Soft Maple,154,18,30389,0
1316,Northern Red Oak,54,28,35684,0
1316,White Oak,307,18,78235,0
1316,Yellow Poplar,182,24,111600,0
1317,Hard Maple,5,26,1435,0
1317,Black Cherry,4,26,1628,0
1317,Scarlet Oak,3,30,1945,0
1317,Black Oak,20,22,7196,0
1317,Hickory,77,16,12200,0
1317,Northern Red Oak,29,24,12973,0
1317,Other,79,18,20480,0
1317,Soft Maple,123,18,27606,0
1317,Beech,186,18,38275,0
1317,White Oak,210,20,61653,0
1317,Yellow Poplar,278,20,87304,0
1318,Hard Maple,19,14,2037,0
1318,Scarlet Oak,10,20,3075,0
1318,Northern Red Oak,13,18,3515,0
1318,Hickory,99,14,14644,0
1318,Soft Maple,131,16,15604,0
1318,Yellow Poplar,74,20,33527,0
1318,Black Oak,167,18,42595,0
1318,Chestnut Oak,260,18,63142,0
1318,White Oak,630,16,123749,0
1320,Other,1,22,400,0
1320,Soft Maple,35,16,4955,0
1320,Hickory,48,16,8299,0
1320,Northern Red Oak,36,18,13957,0
1320,White Oak,101,22,33532,0
1320,Black Oak,179,18,63641,0
1320,Scarlet Oak,354,18,111900,0
1320,Yellow Poplar,308,24,156941,0
1320,Chestnut Oak,654,20,189803,0
1321,Hickory,8,16,1185,0
1321,Northern Red Oak,12,22,3826,0
1321,Other,26,16,3970,0
1321,Black Walnut,52,16,4631,0
1321,Soft Maple,131,16,11514,0
1321,White Oak,152,18,18287,0
1321,Scarlet Oak,102,20,19672,0
1321,Black Oak,204,18,35328,0
1321,Chestnut Oak,396,18,61533,0
1321,Yellow Poplar,286,22,98797,0
1322,Hard Maple,19,20,4012,0
1322,Ash,22,18,4206,0
1322,Other,66,16,7939,0
1322,Black Walnut,37,20,9467,0
1322,Hickory,60,16,10044,0
1322,Scarlet Oak,113,18,27032,0
1322,Soft Maple,237,18,37767,0
1322,Northern Red Oak,98,22,39457,0
1322,White Oak,229,20,64668,0
1322,Black Oak,482,18,118410,0
1322,Yellow Poplar,581,20,215700,0
1322,Chestnut Oak,1354,20,352957,0
1323,Hard Maple,2,18,340,0
1323,Black Walnut,4,14,360,0
1323,Hickory,2,18,460,0
1323,Beech,7,18,1040,0
1323,Northern Red Oak,6,28,4100,0
1323,Black Cherry,26,22,6260,0
1323,Other,25,16,6900,0
1323,Black Oak,21,24,8400,0
1323,Soft Maple,68,18,12020,0
1323,Scarlet Oak,41,18,13420,0
1323,White Oak,57,20,14600,0
1323,Yellow Poplar,100,20,32280,0
1324,Elm,1,14,80,0
1324,Aspen,1,14,140,0
1324,Basswood,2,18,420,0
1324,Soft Maple,4,16,700,0
1324,Ash,8,16,1140,0
1324,Hickory,11,16,1700,0
1324,Buckeye,22,14,2690,0
1324,Chestnut Oak,26,16,4172,0
1324,Black Cherry,36,18,7308,0
1324,Hard Maple,77,18,10174,0
1324,Yellow Poplar,60,18,14726,0
1324,Northern Red Oak,52,22,18128,0
1324,Black Oak,90,20,26539,0
1324,Scarlet Oak,230,20,60265,0
1324,White Oak,1364,18,259304,0
1325,Other,14,16,2002,0
1325,Black Cherry,5,28,3276,0
1325,Soft Maple,78,16,13741,0
1325,Hickory,92,18,20293,0
1325,Northern Red Oak,108,28,65975,0
1325,White Oak,282,20,72163,0
1325,Scarlet Oak,434,18,97643,0
1325,Black Oak,573,22,190736,0
1325,Yellow Poplar,648,20,238693,0
1325,Chestnut Oak,1616,20,407862,0
1326,Walnut,15,16,1400,0
1326,Blackgum,26,18,3128,0
1326,Elm,30,16,3384,0
1326,Hickory,49,16,6408,0
1326,Other,55,16,6539,0
1326,Ash,14,24,7076,0
1326,Chestnut Oak,36,18,7078,0
1326,Northern Red Oak,19,26,10267,0
1326,Basswood,26,22,11142,0
1326,Yellow Poplar,659,20,202461,0
1401,Basswood,2,16,305,0
1401,Black Cherry,1,24,467,0
1401,Beech,3,28,1537,0
1401,Hickory,12,18,2444,0
1401,Other,14,16,2463,0
1401,Hard Maple,14,18,3088,0
1401,Ash,26,20,7151,0
1401,Soft Maple,45,16,8447,0
1401,White Oak,91,18,17855,0
1401,Northern Red Oak,32,20,18463,0
1401,Yellow Poplar,87,20,40604,0
1401,Black Oak,269,20,70617,0
1401,Chestnut Oak,422,18,76472,0
1401,Scarlet Oak,390,18,92655,0